contract_letter,year,pnl,entry_dte,trade_vol_DTE15,moc_net_bid_DTE15,bid_imbal_DTE15,event_type_DTE15,n_trades_DTE15,moc_vol_DTE15,vol_zscore_DTE15,trade_vol_DTE10,moc_net_bid_DTE10,bid_imbal_DTE10,event_type_DTE10,n_trades_DTE10,moc_vol_DTE10,vol_zscore_DTE10,trade_vol_td7,moc_net_bid_td7,bid_imbal_td7,event_type_td7,n_trades_td7,moc_vol_td7,vol_zscore_td7,trade_vol_DTE5,moc_net_bid_DTE5,bid_imbal_DTE5,event_type_DTE5,n_trades_DTE5,moc_vol_DTE5,vol_zscore_DTE5,trade_vol_DTE3,moc_net_bid_DTE3,bid_imbal_DTE3,event_type_DTE3,n_trades_DTE3,moc_vol_DTE3,vol_zscore_DTE3,bid_imbal_td7_to_dte3,moc_net_hold,trade_vol_hold,n_days_buy_dom,n_days_sell_dom
F,2017,-0.04,15,,,,,,,,,,,,,,,,,,,,,,,,,,,,,,,,,,,,,,,,
F,2018,0.23,15,566.6666666666666,566.6666666666666,1.7562986715529088,BUYER_DOMINANT,5.666666666666667,566.6666666666666,-0.46714903939424124,2166.6666666666665,-33.333333333333336,0.9088992976733308,HIGH_PRICE_RANGE,21.666666666666668,2166.6666666666665,1.726804366040886,566.6666666666666,566.6666666666666,1.7562986715529088,BUYER_DOMINANT,5.666666666666667,566.6666666666666,-0.46714903939424124,1333.3333333333333,0.0,0.4014492202840168,HIGH_PRICE_RANGE,13.333333333333334,1333.3333333333333,0.81210733683712,433.3333333333333,-300.0,1.4218289085545723,SELLER_DOMINANT,4.333333333333333,433.3333333333333,-0.6896284091736083,-0.334,-2200.0,16000.0,3.0,2.0
F,2019,-0.02,15,400.0,-400.0,2.0,SELLER_DOMINANT,4.0,400.0,-0.7452482516184502,800.0,-666.6666666666666,1.5559257888025009,HIGH_PRICE_RANGE,8.0,800.0,-0.07781014228034866,400.0,-400.0,2.0,SELLER_DOMINANT,4.0,400.0,-0.7452482516184502,700.0,-633.3333333333334,1.014516177306875,SELLER_DOMINANT,7.0,700.0,-0.244669669614874,700.0,-500.0,1.5968623658513652,HIGH_PRICE_RANGE,7.0,700.0,-0.24466966961487402,-0.403,-6600.0,8000.0,2.0,6.0
F,2020,0.18,14,433.3333333333333,-233.33333333333334,1.1101425528428643,SELLER_DOMINANT,4.333333333333333,433.3333333333333,-0.6896284091736083,633.3333333333334,-500.0,1.417758369723435,HIGH_PRICE_RANGE,6.333333333333333,633.3333333333334,-0.3559093545045576,466.6666666666667,-466.6666666666667,1.4344598054275473,HIGH_PRICE_RANGE,4.666666666666667,466.6666666666667,-0.6340085667287666,433.3333333333333,100.0,0.8535279805352798,BUYER_DOMINANT,4.333333333333333,433.3333333333333,-0.6896284091736083,833.3333333333334,233.33333333333334,1.0269717616415728,BUYER_DOMINANT,8.333333333333334,833.3333333333334,-0.022190299835506837,-0.407,-1700.0,6300.0,3.0,5.0
F,2021,0.11,14,933.3333333333334,0.0,0.21360063782048896,HIGH_PRICE_RANGE,9.333333333333334,933.3333333333334,0.14466922749901853,800.0,0.0,0.5043925310636177,NORMAL,8.0,800.0,-0.07781014228034862,933.3333333333334,0.0,0.21360063782048896,HIGH_PRICE_RANGE,9.333333333333334,933.3333333333334,0.14466922749901853,966.6666666666666,100.0,0.5971567944250871,HIGH_PRICE_RANGE,9.666666666666666,966.6666666666666,0.20028906994386034,1433.3333333333333,-33.333333333333336,0.4126664879835611,HIGH_PRICE_RANGE,11.333333333333334,1433.3333333333333,0.7812670444785755,0.199,300.0,13500.0,0.0,0.0
F,2022,0.62,15,766.6666666666666,-33.333333333333336,0.3263689203035067,HIGH_PRICE_RANGE,7.666666666666667,766.6666666666666,-0.13342998472519044,733.3333333333334,-400.0,1.507429829389103,HIGH_PRICE_RANGE,7.333333333333333,733.3333333333334,-0.1890498271700322,766.6666666666666,-33.333333333333336,0.3263689203035067,HIGH_PRICE_RANGE,7.666666666666667,766.6666666666666,-0.13342998472519044,1033.3333333333333,-433.3333333333333,0.17421638011644233,HIGH_PRICE_RANGE,10.333333333333334,1033.3333333333333,0.31152875483354386,400.0,-200.0,0.9921641791044776,HIGH_PRICE_RANGE,4.0,400.0,-0.7452482516184502,0.666,-4300.0,9900.0,0.0,1.0
F,2023,-0.39,15,533.3333333333334,133.33333333333334,0.9017787083743114,SELLER_DOMINANT,5.333333333333333,533.3333333333334,-0.522768881839083,1066.6666666666667,200.0,0.5698317018208933,HIGH_PRICE_RANGE,10.666666666666666,1066.6666666666667,0.36714859727838567,533.3333333333334,133.33333333333334,0.9017787083743114,SELLER_DOMINANT,5.333333333333333,533.3333333333334,-0.522768881839083,533.3333333333334,-266.6666666666667,1.3055652830706903,BUYER_DOMINANT,5.333333333333333,533.3333333333334,-0.522768881839083,466.6666666666667,-200.0,1.7917808219178084,BUYER_DOMINANT,4.666666666666667,466.6666666666667,-0.6340085667287666,0.89,1000.0,8600.0,3.0,4.0
F,2024,0.02,15,600.0,66.66666666666667,0.9966329966329966,BID_PRESSURE,6.0,600.0,-0.41152919694939943,200.0,-200.0,1.0687306501547986,SELLER_DOMINANT,2.0,200.0,-1.078967306287501,600.0,66.66666666666667,0.9966329966329966,BID_PRESSURE,6.0,600.0,-0.41152919694939943,566.6666666666666,433.3333333333333,1.0957475341591207,BUYER_DOMINANT,5.666666666666667,566.6666666666666,-0.46714903939424124,1366.6666666666667,100.0,1.2995377187275279,BID_PRESSURE,13.666666666666666,1366.6666666666667,0.8677271792819617,0.303,3200.0,7600.0,5.0,5.0
F,2025,0.16,14,1466.6666666666667,666.6666666666666,0.47253494287945225,NORMAL,14.666666666666666,1466.6666666666667,1.034586706616487,1433.3333333333333,300.0,0.3949087951667247,HIGH_PRICE_RANGE,14.333333333333334,1433.3333333333333,0.9789668641716455,1466.6666666666667,400.0,0.5392962297181393,HIGH_PRICE_RANGE,14.666666666666666,1466.6666666666667,1.0345867066164873,866.6666666666666,333.3333333333333,0.4442888430089014,HIGH_PRICE_RANGE,8.666666666666666,866.6666666666666,0.033429542609334985,2233.3333333333335,300.0,0.11517601192523791,HIGH_PRICE_RANGE,14.333333333333334,2233.3333333333335,2.3138430828478485,-0.424,2000.0,16600.0,0.0,2.0
F,2026,0.24,13,933.3333333333334,-333.3333333333333,0.28532680363533186,SELLER_DOMINANT,8.666666666666666,933.3333333333334,0.14466922749901853,1166.6666666666667,166.66666666666666,0.35799217074789963,HIGH_PRICE_RANGE,11.666666666666666,1166.6666666666667,0.534008124612911,900.0,33.333333333333336,0.2583791983714106,NORMAL,9.0,900.0,0.08904938505417676,400.0,133.33333333333334,0.6275492653201632,BUYER_DOMINANT,4.0,400.0,-0.7452482516184501,1266.6666666666667,1000.0,0.31673570010915997,BUYER_DOMINANT,12.666666666666666,1266.6666666666667,0.7008676519474365,0.058,3800.0,9000.0,2.0,4.0
G,2017,0.05,14,,,,,,,,,,,,,,,,,,,,,,,,,,,,,,,,,,,,,,,,
G,2018,-0.14,13,466.6666666666667,466.6666666666667,1.9649122807017543,BUYER_DOMINANT,4.666666666666667,466.6666666666667,-0.3292525360267647,433.3333333333333,300.0,1.6796536796536798,BID_PRESSURE,4.333333333333333,433.3333333333333,-0.3786823060664062,466.6666666666667,200.0,0.7841435059379483,BUYER_DOMINANT,4.666666666666667,466.6666666666667,-0.3292525360267647,500.0,66.66666666666667,1.31500838817912,BUYER_DOMINANT,5.0,400.0,-0.27982276598712313,333.3333333333333,-166.66666666666666,1.4666666666666668,SELLER_DOMINANT,3.3333333333333335,233.33333333333334,-0.5269716161853307,0.683,2000.0,4100.0,7.0,1.0
G,2019,-0.07,13,400.0,-200.0,0.9397816549331702,NORMAL,4.0,400.0,-0.42811207610604773,933.3333333333334,0.0,0.5487386502548238,HIGH_PRICE_RANGE,9.333333333333334,933.3333333333334,0.3627642445282166,700.0,-166.66666666666666,0.4197120764996791,HIGH_PRICE_RANGE,7.0,700.0,0.016755854250725937,266.6666666666667,-233.33333333333334,1.5452793834296725,BUYER_DOMINANT,2.6666666666666665,233.33333333333334,-0.6258311562646138,400.0,-100.0,1.5942028985507246,SELLER_DOMINANT,4.0,233.33333333333334,-0.42811207610604773,1.174,-2100.0,5400.0,2.0,5.0
G,2020,0.27,14,66.66666666666667,0.0,1.5745794392523365,SELLER_DOMINANT,0.6666666666666666,66.66666666666667,-0.9224097765024629,600.0,0.0,1.1867461331062865,SELLER_DOMINANT,6.0,600.0,-0.1315334558681986,66.66666666666667,0.0,1.5745794392523365,SELLER_DOMINANT,0.6666666666666666,66.66666666666667,-0.9224097765024629,500.0,66.66666666666667,1.1810731707317073,BUYER_DOMINANT,5.0,266.6666666666667,-0.27982276598712313,433.3333333333333,0.0,1.5306666666666668,BUYER_DOMINANT,4.333333333333333,200.0,-0.3786823060664062,-0.044,700.0,4800.0,3.0,6.0
G,2021,-0.03,14,1000.0,-600.0,0.47785539283204875,HIGH_PRICE_RANGE,10.0,1000.0,0.4616237846074996,933.3333333333334,266.6666666666667,0.7050693854432172,HIGH_PRICE_RANGE,9.333333333333334,933.3333333333334,0.3627642445282166,400.0,-133.33333333333334,0.622346419604629,HIGH_PRICE_RANGE,4.0,400.0,-0.42811207610604773,1000.0,-133.33333333333334,0.9774245930256159,HIGH_PRICE_RANGE,10.0,1000.0,0.4616237846074997,900.0,-133.33333333333334,1.115872564806921,HIGH_PRICE_RANGE,9.0,866.6666666666666,0.31333447448857515,0.494,400.0,8100.0,1.0,4.0
G,2022,0.02,15,433.3333333333333,-33.333333333333336,0.3790155763969385,BUYER_DOMINANT,4.333333333333333,433.3333333333333,-0.3786823060664062,466.6666666666667,-66.66666666666667,0.5316971080669711,NORMAL,4.666666666666667,466.6666666666667,-0.3292525360267647,433.3333333333333,-33.333333333333336,0.3790155763969385,BUYER_DOMINANT,4.333333333333333,433.3333333333333,-0.3786823060664062,266.6666666666667,-33.333333333333336,0.7682926829268292,SELLER_DOMINANT,2.6666666666666665,233.33333333333334,-0.6258311562646138,300.0,66.66666666666667,1.229277647204251,SELLER_DOMINANT,3.0,266.6666666666667,-0.5764013862249723,0.85,-1000.0,4300.0,3.0,5.0
G,2023,-0.48,13,466.6666666666667,-133.33333333333334,1.1619118424530797,BUYER_DOMINANT,4.666666666666667,466.6666666666667,-0.3292525360267647,400.0,-333.3333333333333,1.3260362825580216,SELLER_DOMINANT,3.6666666666666665,400.0,-0.42811207610604773,466.6666666666667,66.66666666666667,0.9471207713854772,BUYER_DOMINANT,4.666666666666667,466.6666666666667,-0.3292525360267647,366.6666666666667,-233.33333333333334,1.8161516379601486,SELLER_DOMINANT,3.6666666666666665,366.6666666666667,-0.47754184614568923,233.33333333333334,-233.33333333333334,1.6259246417013407,SELLER_DOMINANT,2.3333333333333335,233.33333333333334,-0.6752609263042553,0.679,-2500.0,4700.0,2.0,8.0
G,2024,0.23,12,600.0,-533.3333333333334,0.9024390243902438,SELLER_DOMINANT,6.0,600.0,-0.1315334558681986,1433.3333333333333,166.66666666666666,0.2991959121890612,HIGH_PRICE_RANGE,14.333333333333334,1433.3333333333333,1.1042107951228395,1166.6666666666667,-33.333333333333336,0.21423384168482204,BUYER_DOMINANT,11.666666666666666,1166.6666666666667,0.7087726348057073,866.6666666666666,-333.3333333333333,0.8470152770645379,SELLER_DOMINANT,8.333333333333334,866.6666666666666,0.2639047044489335,933.3333333333334,-366.6666666666667,0.5567658439579621,BUYER_DOMINANT,9.0,700.0,0.3627642445282165,0.343,-1400.0,9500.0,4.0,3.0
G,2025,-0.04,13,1200.0,333.3333333333333,1.006833139759969,SELLER_DOMINANT,12.0,1200.0,0.7582024048453487,733.3333333333334,133.33333333333334,0.4533859249620473,SELLER_DOMINANT,7.0,733.3333333333334,0.06618562429036745,433.3333333333333,33.333333333333336,0.5890968839211871,BID_PRESSURE,4.333333333333333,433.3333333333333,-0.37868230606640624,2933.3333333333335,933.3333333333334,1.102587836409951,HIGH_PRICE_RANGE,16.333333333333332,2933.3333333333335,2.104444824829525,2100.0,-233.33333333333334,0.0746519022804953,HIGH_PRICE_RANGE,21.0,633.3333333333334,1.2583194196986915,-0.514,3000.0,19200.0,1.0,3.0
G,2026,0.03,14,866.6666666666666,466.6666666666667,0.5822636519935934,NORMAL,8.666666666666666,866.6666666666666,0.2639047044489335,1733.3333333333333,-266.6666666666667,0.6519830117762024,BUYER_DOMINANT,17.333333333333332,1733.3333333333333,1.549078725479613,866.6666666666666,466.6666666666667,0.5822636519935934,NORMAL,8.666666666666666,866.6666666666666,0.2639047044489335,1300.0,-100.0,0.8332501503550734,HIGH_PRICE_RANGE,13.0,1100.0,0.9064917149642734,1300.0,-100.0,0.8332501503550734,HIGH_PRICE_RANGE,13.0,1100.0,0.9064917149642734,0.251,-400.0,12800.0,2.0,4.0
H,2017,0.22,15,500.0,-33.333333333333336,1.5252525252525253,SELLER_DOMINANT,5.0,500.0,-0.2875734265045837,333.3333333333333,-133.33333333333334,0.41730544103425454,NORMAL,3.3333333333333335,333.3333333333333,-0.586596357186784,500.0,-33.333333333333336,1.5252525252525253,SELLER_DOMINANT,5.0,500.0,-0.2875734265045837,466.6666666666667,133.33333333333334,1.4285714285714286,BID_PRESSURE,4.666666666666667,466.6666666666667,-0.34737801264102375,166.66666666666666,-33.333333333333336,2.0,BID_PRESSURE,1.6666666666666667,166.66666666666666,-0.8856192878689845,0.475,-100.0,4300.0,2.0,9.0
H,2018,-0.07,15,700.0,633.3333333333334,1.301055987248456,BID_PRESSURE,7.0,700.0,0.07125409031405677,933.3333333333334,400.0,0.41589230051788034,BUYER_DOMINANT,9.333333333333334,933.3333333333334,0.48988619326913735,700.0,633.3333333333334,1.301055987248456,BID_PRESSURE,7.0,700.0,0.07125409031405677,333.3333333333333,-200.0,1.4103649929421254,SELLER_DOMINANT,3.3333333333333335,333.3333333333333,-0.586596357186784,500.0,-233.33333333333334,1.1129279509453245,SELLER_DOMINANT,5.0,500.0,-0.28757342650458373,-0.188,2600.0,8000.0,4.0,6.0
H,2019,0.14,15,500.0,-433.3333333333333,1.3737373737373737,NORMAL,5.0,500.0,-0.2875734265045837,533.3333333333334,-333.3333333333333,1.0285620431961895,BID_PRESSURE,5.333333333333333,533.3333333333334,-0.22776884036814357,500.0,-433.3333333333333,1.3737373737373737,NORMAL,5.0,500.0,-0.2875734265045837,500.0,166.66666666666666,0.8705219310825152,BUYER_DOMINANT,5.0,500.0,-0.2875734265045837,566.6666666666666,233.33333333333334,1.6102564102564105,BUYER_DOMINANT,5.666666666666667,566.6666666666666,-0.1679642542317035,0.237,-2900.0,7700.0,4.0,2.0
H,2020,0.04,15,600.0,200.0,1.0831421619742787,SELLER_DOMINANT,6.0,600.0,-0.10815966809526345,633.3333333333334,-633.3333333333334,0.7630756721475143,HIGH_PRICE_RANGE,6.333333333333333,633.3333333333334,-0.04835508195882334,600.0,200.0,1.0831421619742787,SELLER_DOMINANT,6.0,600.0,-0.10815966809526345,200.0,66.66666666666667,1.3570127504553733,BUYER_DOMINANT,2.0,200.0,-0.8258147017325443,800.0,-66.66666666666667,0.5120120403335455,HIGH_PRICE_RANGE,8.0,800.0,0.25066784872337694,-0.571,-2400.0,9200.0,1.0,5.0
H,2021,0.16,13,500.0,-33.333333333333336,1.227838827838828,SELLER_DOMINANT,5.0,500.0,-0.28757342650458373,300.0,-166.66666666666666,0.28101745862276567,HIGH_PRICE_RANGE,3.0,300.0,-0.6464009433232242,666.6666666666666,-66.66666666666667,0.3248914070921202,HIGH_PRICE_RANGE,4.666666666666667,666.6666666666666,0.011449504177616662,666.6666666666666,0.0,0.31361889449602387,HIGH_PRICE_RANGE,6.666666666666667,666.6666666666666,0.011449504177616676,300.0,-100.0,0.391938943403707,SELLER_DOMINANT,3.0,300.0,-0.6464009433232242,0.067,-300.0,5700.0,0.0,4.0
H,2022,0.15,14,200.0,-66.66666666666667,1.5135135135135134,BID_PRESSURE,2.0,200.0,-0.8258147017325443,600.0,-66.66666666666667,0.45711028597485504,HIGH_PRICE_RANGE,6.0,600.0,-0.10815966809526345,200.0,-66.66666666666667,1.5135135135135134,BID_PRESSURE,2.0,200.0,-0.8258147017325443,633.3333333333334,500.0,0.7849341278303186,BID_PRESSURE,6.333333333333333,633.3333333333334,-0.048355081958823355,633.3333333333334,366.6666666666667,0.9797266647281186,HIGH_PRICE_RANGE,6.333333333333333,633.3333333333334,-0.048355081958823355,-0.534,1300.0,5100.0,3.0,3.0
H,2023,0.31,14,433.3333333333333,-33.333333333333336,0.9043196971878468,SELLER_DOMINANT,4.333333333333333,433.3333333333333,-0.40718259877746377,166.66666666666666,-100.0,0.723789557751822,SELLER_DOMINANT,1.6666666666666667,166.66666666666666,-0.8856192878689845,266.6666666666667,66.66666666666667,1.0566093670494017,SELLER_DOMINANT,2.6666666666666665,266.6666666666667,-0.7062055294596643,933.3333333333334,400.0,0.7689412020217873,HIGH_PRICE_RANGE,9.333333333333334,933.3333333333334,0.4898861932691374,133.33333333333334,0.0,0.8177001918055918,SELLER_DOMINANT,1.3333333333333333,133.33333333333334,-0.9454238740054245,-0.239,1400.0,7000.0,1.0,7.0
H,2024,0.04,15,633.3333333333334,233.33333333333334,0.4738895414911803,BUYER_DOMINANT,6.333333333333333,633.3333333333334,-0.04835508195882341,400.0,-266.6666666666667,0.85211044365992,SELLER_DOMINANT,4.0,400.0,-0.46698718491390395,633.3333333333334,233.33333333333334,0.4738895414911803,BUYER_DOMINANT,6.333333333333333,633.3333333333334,-0.04835508195882341,533.3333333333334,-66.66666666666667,0.668808052294291,OFFER_PRESSURE,5.333333333333333,533.3333333333334,-0.22776884036814357,566.6666666666666,-166.66666666666666,1.0263838098700484,HIGH_PRICE_RANGE,5.666666666666667,566.6666666666666,-0.1679642542317035,0.552,-600.0,8400.0,1.0,8.0
H,2025,-0.01,15,2200.0,266.6666666666667,0.6806745361528357,HIGH_PRICE_RANGE,18.0,2200.0,1.7053531743768786,500.0,33.333333333333336,0.2602644578183308,SELLER_DOMINANT,5.0,500.0,-0.28757342650458373,2200.0,266.6666666666667,0.6806745361528357,HIGH_PRICE_RANGE,18.0,2200.0,1.7053531743768786,633.3333333333334,-233.33333333333334,0.701241279573575,HIGH_PRICE_RANGE,4.333333333333333,633.3333333333334,-0.0483550819588234,1766.6666666666667,166.66666666666666,0.58829589745162,HIGH_PRICE_RANGE,17.333333333333332,1766.6666666666667,1.8249623466497589,-0.092,1800.0,12800.0,0.0,5.0
H,2026,0.07,14,766.6666666666666,100.0,0.934013492590135,BID_PRESSURE,7.333333333333333,766.6666666666666,0.19086326258693695,1533.3333333333333,733.3333333333334,0.2941529957581403,BUYER_DOMINANT,15.333333333333334,1533.3333333333333,1.5663687437250584,1766.6666666666667,1100.0,0.6535601984931018,BUYER_DOMINANT,17.666666666666668,1766.6666666666667,1.9850008466801394,433.3333333333333,-33.333333333333336,0.8826234970302766,SELLER_DOMINANT,4.333333333333333,433.3333333333333,-0.4071825987774638,700.0,233.33333333333334,0.470801387169407,BUYER_DOMINANT,7.0,700.0,0.07125409031405676,-0.183,7200.0,14000.0,7.0,2.0
J,2016,-0.11,13,,,,,,,,,,,,,,,,,,,,,,,,,,,,,,,,,,,,,,,,
J,2017,-0.04,13,366.6666666666667,100.0,0.9486868686868686,BID_PRESSURE,3.6666666666666665,366.6666666666667,-0.5896124427527344,633.3333333333334,-366.6666666666667,1.3688497523390204,OFFER_PRESSURE,6.333333333333333,633.3333333333334,-0.1262220185365092,266.6666666666667,-133.33333333333334,1.4133333333333333,SELLER_DOMINANT,2.6666666666666665,266.6666666666667,-0.7633838518338187,266.6666666666667,0.0,1.0165230899590452,SELLER_DOMINANT,2.6666666666666665,266.6666666666667,-0.7633838518338187,366.6666666666667,-233.33333333333334,1.5555555555555554,SELLER_DOMINANT,3.6666666666666665,366.6666666666667,-0.5896124427527343,0.142,-2100.0,6100.0,1.0,8.0
J,2018,0.01,13,1166.6666666666667,-566.6666666666666,0.3877371113466886,NORMAL,11.666666666666666,1166.6666666666667,0.8005588298959413,500.0,-33.333333333333336,1.0957264957264956,HIGH_PRICE_RANGE,5.0,500.0,-0.3579172306446217,1266.6666666666667,-600.0,0.27055426113176523,HIGH_PRICE_RANGE,12.666666666666666,1266.6666666666667,0.9743302389770258,133.33333333333334,-66.66666666666667,1.273911273911274,NORMAL,1.3333333333333333,133.33333333333334,-0.9950790639419315,333.3333333333333,-133.33333333333334,0.8597698597698598,BID_PRESSURE,3.3333333333333335,333.3333333333333,-0.6475362457797625,0.589,-1500.0,5100.0,2.0,5.0
J,2019,-0.2,13,500.0,-300.0,1.038509597168815,BID_PRESSURE,5.0,500.0,-0.35791723064462183,700.0,300.0,0.9980707698099002,BID_PRESSURE,7.0,700.0,-0.010374412482452836,266.6666666666667,266.6666666666667,0.9492884112692419,BID_PRESSURE,2.6666666666666665,266.6666666666667,-0.7633838518338188,600.0,133.33333333333334,0.6301094553407737,HIGH_PRICE_RANGE,6.0,600.0,-0.18414582156353734,400.0,0.0,0.2886116700201207,BUYER_DOMINANT,4.0,400.0,-0.5316886397257062,-0.661,1800.0,6600.0,4.0,2.0
J,2020,0.57,13,533.3333333333334,-200.0,0.5698578531221937,BUYER_DOMINANT,5.333333333333333,533.3333333333334,-0.2999934276175936,1366.6666666666667,-166.66666666666666,0.4468801423340804,HIGH_PRICE_RANGE,13.666666666666666,1366.6666666666667,1.14810164805811,1433.3333333333333,-300.0,1.214553659215203,HIGH_PRICE_RANGE,14.333333333333334,1433.3333333333333,1.2639492541121664,666.6666666666666,-333.3333333333333,0.6845510119294914,HIGH_PRICE_RANGE,6.666666666666667,666.6666666666666,-0.06829821550948101,733.3333333333334,200.0,0.742617968351151,HIGH_PRICE_RANGE,7.333333333333333,733.3333333333334,0.04754939054457532,-0.472,-2000.0,10000.0,0.0,3.0
J,2021,0.32,13,533.3333333333334,400.0,0.6680653569839151,NORMAL,5.333333333333333,533.3333333333334,-0.29999342761759357,533.3333333333334,66.66666666666667,1.0187265917602994,NORMAL,5.333333333333333,533.3333333333334,-0.2999934276175936,466.6666666666667,133.33333333333334,0.334386614433108,NORMAL,4.666666666666667,466.6666666666667,-0.4158410336716499,833.3333333333334,300.0,0.30028407896128967,NORMAL,8.333333333333334,833.3333333333334,0.22132079962565973,533.3333333333334,-66.66666666666667,0.4834877690900686,BUYER_DOMINANT,5.333333333333333,533.3333333333334,-0.29999342761759357,0.149,900.0,7300.0,3.0,1.0
J,2022,0.76,13,533.3333333333334,266.6666666666667,0.4326462902436328,HIGH_PRICE_RANGE,5.0,533.3333333333334,-0.29999342761759357,433.3333333333333,233.33333333333334,0.7881116799751681,HIGH_PRICE_RANGE,4.333333333333333,433.3333333333333,-0.47376483669867814,566.6666666666666,300.0,0.20892680587219778,HIGH_PRICE_RANGE,5.666666666666667,566.6666666666666,-0.24206962459056544,733.3333333333334,533.3333333333334,1.8095238095238095,HIGH_PRICE_RANGE,7.333333333333333,733.3333333333334,0.04754939054457533,800.0,600.0,1.8095238095238095,HIGH_PRICE_RANGE,8.0,800.0,0.1633969965986316,1.601,2300.0,5900.0,1.0,4.0
J,2023,-0.11,13,833.3333333333334,-100.0,0.6094440676380476,BUYER_DOMINANT,8.333333333333334,833.3333333333334,0.22132079962565973,333.3333333333333,-200.0,0.862056384742952,BUYER_DOMINANT,3.3333333333333335,333.3333333333333,-0.6475362457797625,433.3333333333333,-233.33333333333334,0.4098325418613072,BUYER_DOMINANT,4.333333333333333,433.3333333333333,-0.47376483669867814,1000.0,0.0,0.6184597935959543,HIGH_PRICE_RANGE,10.0,1000.0,0.5109398147608005,600.0,66.66666666666667,1.3862131761601246,BUYER_DOMINANT,6.0,600.0,-0.1841458215635373,0.976,-900.0,6300.0,5.0,3.0
J,2024,0.21,14,833.3333333333334,-166.66666666666666,0.4089898880852136,NORMAL,8.333333333333334,833.3333333333334,0.22132079962565965,533.3333333333334,66.66666666666667,0.2545769943235277,SELLER_DOMINANT,5.333333333333333,533.3333333333334,-0.2999934276175936,833.3333333333334,-166.66666666666666,0.4089898880852136,NORMAL,8.333333333333334,833.3333333333334,0.22132079962565965,1033.3333333333333,300.0,0.17534399259195166,SELLER_DOMINANT,10.333333333333334,1033.3333333333333,0.5688636177878287,300.0,-33.333333333333336,1.4698681732580037,SELLER_DOMINANT,3.0,300.0,-0.7054600488067906,1.061,1500.0,10300.0,3.0,5.0
J,2025,0.2,13,633.3333333333334,-300.0,0.6624803059604204,HIGH_PRICE_RANGE,6.333333333333333,633.3333333333334,-0.12622201853650916,1100.0,-166.66666666666666,0.6890685150105812,BUYER_DOMINANT,8.666666666666666,1100.0,0.684711223841885,766.6666666666666,-300.0,0.33142927016734797,SELLER_DOMINANT,7.666666666666667,766.6666666666666,0.10547319357160338,433.3333333333333,100.0,0.9641025641025641,HIGH_PRICE_RANGE,4.333333333333333,433.3333333333333,-0.473764836698678,166.66666666666666,-33.333333333333336,1.4277268009230841,BID_PRESSURE,1.6666666666666667,166.66666666666666,-0.9371552609149033,1.096,-700.0,10300.0,2.0,5.0
J,2026,-0.42,13,1533.3333333333333,133.33333333333334,0.5534586596551416,SELLER_DOMINANT,14.666666666666666,1533.3333333333333,1.4377206631932509,900.0,-166.66666666666666,1.007435954445515,BUYER_DOMINANT,9.0,900.0,0.3371684056797161,466.6666666666667,200.0,0.6855893247645825,BUYER_DOMINANT,4.666666666666667,466.6666666666667,-0.4158410336716498,1333.3333333333333,-133.33333333333334,0.5722908040571881,BUYER_DOMINANT,13.333333333333334,1333.3333333333333,1.090177845031082,833.3333333333334,433.3333333333333,0.48241401986999716,HIGH_PRICE_RANGE,8.333333333333334,833.3333333333334,0.22132079962565976,-0.203,0.0,14600.0,3.0,3.0
K,2016,-0.09,16,,,,,,,,,,,,,,,,,,,,,,,,,,,,,,,,,,,,,,,,
K,2017,0.2,16,166.66666666666666,33.333333333333336,1.5601851851851851,SELLER_DOMINANT,1.6666666666666667,166.66666666666666,-0.9931306705809179,800.0,-466.6666666666667,0.6127090402556686,BUYER_DOMINANT,8.0,800.0,0.9197847816068228,166.66666666666666,33.333333333333336,1.5601851851851851,SELLER_DOMINANT,1.6666666666666667,166.66666666666666,-0.9931306705809179,466.6666666666667,-200.0,0.8406200845225235,BID_PRESSURE,4.333333333333333,466.6666666666667,-0.08701282480777765,700.0,166.66666666666666,0.8489895881762243,BID_PRESSURE,7.0,700.0,0.6177454996824424,-0.711,-3700.0,7700.0,2.0,8.0
K,2018,0.25,14,266.6666666666667,66.66666666666667,0.9587213290679272,BID_PRESSURE,2.6666666666666665,266.6666666666667,-0.6910913886565379,266.6666666666667,-200.0,0.8277500277500277,NORMAL,2.6666666666666665,266.6666666666667,-0.6910913886565379,266.6666666666667,66.66666666666667,0.9587213290679273,BID_PRESSURE,2.6666666666666665,266.6666666666667,-0.6910913886565379,433.3333333333333,-166.66666666666666,1.449820788530466,SELLER_DOMINANT,4.333333333333333,433.3333333333333,-0.1876925854492377,400.0,-266.6666666666667,0.6282225710797139,SELLER_DOMINANT,4.0,400.0,-0.2883723460906978,-0.33,-2600.0,5400.0,2.0,8.0
K,2019,0.25,14,766.6666666666666,166.66666666666666,0.8695457557880556,HIGH_PRICE_RANGE,7.666666666666667,766.6666666666666,0.8191050209653626,500.0,-100.0,1.0615873015873014,HIGH_PRICE_RANGE,5.0,500.0,0.013666935833682428,633.3333333333334,166.66666666666666,0.8247509946107615,HIGH_PRICE_RANGE,6.333333333333333,633.3333333333334,0.4163859783995225,900.0,100.0,0.3602283970484807,BUYER_DOMINANT,9.0,900.0,1.2104708118387084,866.6666666666666,0.0,0.4550741746350293,HIGH_PRICE_RANGE,8.666666666666666,0.0,1.1211443028897428,-0.37,2000.0,10100.0,1.0,1.0
K,2020,0.47,15,200.0,0.0,1.233383308345827,BUYER_DOMINANT,2.0,200.0,-0.8924509099394579,100.0,-100.0,1.3473980309423348,HIGH_PRICE_RANGE,1.0,100.0,-1.194490191863838,200.0,0.0,1.233383308345827,BUYER_DOMINANT,2.0,200.0,-0.8924509099394579,666.6666666666666,0.0,0.937387540921233,HIGH_PRICE_RANGE,6.666666666666667,400.0,0.5170657390409824,700.0,0.0,0.7522267554787879,HIGH_PRICE_RANGE,7.0,0.0,0.6177454996824426,-0.481,-200.0,3900.0,1.0,6.0
K,2021,-0.11,16,366.6666666666667,33.333333333333336,0.2830046127250695,NORMAL,3.6666666666666665,366.6666666666667,-0.38905210673215773,300.0,166.66666666666666,0.7183795955407578,BUYER_DOMINANT,3.0,300.0,-0.5904116280150777,366.6666666666667,-33.333333333333336,0.35769102737531777,NORMAL,3.6666666666666665,366.6666666666667,-0.38905210673215773,1366.6666666666667,133.33333333333334,0.22022580026806496,HIGH_PRICE_RANGE,12.666666666666666,866.6666666666666,2.205915166560814,1400.0,33.333333333333336,0.18120247806460307,HIGH_PRICE_RANGE,13.0,633.3333333333334,2.306594927202274,-0.176,1400.0,9100.0,3.0,0.0
K,2022,-0.93,16,366.6666666666667,233.33333333333334,1.259425451757953,BID_PRESSURE,3.6666666666666665,366.6666666666667,-0.38905210673215773,366.6666666666667,100.0,1.57063857636827,BID_PRESSURE,3.6666666666666665,366.6666666666667,-0.38905210673215773,300.0,100.0,1.1636145558911093,BID_PRESSURE,3.0,300.0,-0.5904116280150778,500.0,166.66666666666666,1.1798500671116379,HIGH_PRICE_RANGE,5.0,366.6666666666667,0.013666935833682337,333.3333333333333,266.6666666666667,1.800169024176275,SELLER_DOMINANT,3.3333333333333335,333.3333333333333,-0.48973186737361774,0.637,2400.0,5400.0,7.0,4.0
K,2023,0.23,16,266.6666666666667,266.6666666666667,1.4153432255127172,BID_PRESSURE,2.6666666666666665,266.6666666666667,-0.6910913886565377,166.66666666666666,-33.333333333333336,1.3065998329156223,SELLER_DOMINANT,1.6666666666666667,166.66666666666666,-0.9931306705809178,266.6666666666667,266.6666666666667,1.415343225512717,BID_PRESSURE,2.6666666666666665,266.6666666666667,-0.6910913886565377,266.6666666666667,266.6666666666667,1.5883175647881531,BID_PRESSURE,2.6666666666666665,266.6666666666667,-0.6910913886565377,500.0,-100.0,1.0725896700580244,SELLER_DOMINANT,5.0,500.0,0.013666935833682363,-0.343,1100.0,4300.0,6.0,9.0
K,2024,-0.02,13,466.6666666666667,400.0,1.4057269778072696,BUYER_DOMINANT,4.666666666666667,466.6666666666667,-0.08701282480777768,533.3333333333334,66.66666666666667,0.9712579320642031,SELLER_DOMINANT,5.333333333333333,533.3333333333334,0.11434669647514241,700.0,300.0,0.34794077392061706,BUYER_DOMINANT,7.0,700.0,0.6177454996824424,433.3333333333333,-166.66666666666666,1.0539176576220406,SELLER_DOMINANT,4.333333333333333,433.3333333333333,-0.1876925854492377,766.6666666666666,0.0,0.7548814634846087,HIGH_PRICE_RANGE,7.666666666666667,0.0,0.8191050209653626,0.407,600.0,6500.0,4.0,4.0
K,2025,0.08,14,433.3333333333333,-100.0,0.5177489177489177,SELLER_DOMINANT,4.0,433.3333333333333,-0.18769258544923764,533.3333333333334,-66.66666666666667,0.21753409447841107,BUYER_DOMINANT,3.3333333333333335,533.3333333333334,0.11434669647514244,433.3333333333333,-100.0,0.5177489177489177,SELLER_DOMINANT,4.0,433.3333333333333,-0.18769258544923764,233.33333333333334,0.0,0.44477013705819884,SELLER_DOMINANT,2.3333333333333335,133.33333333333334,-0.7917711492979979,233.33333333333334,0.0,0.2877089073712708,SELLER_DOMINANT,2.3333333333333335,0.0,-0.7917711492979979,-0.23,-500.0,4200.0,1.0,8.0
K,2026,1.05,15,500.0,-433.3333333333333,1.4623655913978493,SELLER_DOMINANT,5.0,500.0,0.013666935833682428,466.6666666666667,-133.33333333333334,0.1446309450561377,SELLER_DOMINANT,4.666666666666667,466.6666666666667,-0.08701282480777771,500.0,-433.3333333333333,1.4623655913978493,SELLER_DOMINANT,5.0,500.0,0.013666935833682428,466.6666666666667,66.66666666666667,0.26994595218744866,BUYER_DOMINANT,4.666666666666667,333.3333333333333,-0.08701282480777763,433.3333333333333,0.0,0.8722659667541558,SELLER_DOMINANT,4.333333333333333,0.0,-0.1876925854492377,-0.59,-1500.0,6800.0,2.0,9.0
M,2016,0.34,14,,,,,,,,,,,,,,,,,,,,,,,,,,,,,,,,,,,,,,,,
M,2017,-0.05,13,266.6666666666667,133.33333333333334,0.8265673535340317,BID_PRESSURE,2.6666666666666665,266.6666666666667,-0.6419283749165423,600.0,100.0,0.35230854750182994,SELLER_DOMINANT,6.0,366.6666666666667,-0.0773752951908333,366.6666666666667,100.0,0.19166597722070544,NORMAL,3.6666666666666665,366.6666666666667,-0.4725624509988296,600.0,-333.3333333333333,1.258147319825105,OFFER_PRESSURE,6.0,600.0,-0.07737529519083326,333.3333333333333,-133.33333333333334,1.6541688067111797,SELLER_DOMINANT,3.3333333333333335,333.3333333333333,-0.5290177589714005,1.463,-1300.0,4400.0,1.0,6.0
M,2018,0.19,14,400.0,-133.33333333333334,1.4119389978213508,HIGH_PRICE_RANGE,4.0,400.0,-0.4161071430262588,666.6666666666666,200.0,0.7520475867321466,BUYER_DOMINANT,6.666666666666667,666.6666666666666,0.03553532075430851,400.0,-133.33333333333334,1.4119389978213508,HIGH_PRICE_RANGE,4.0,400.0,-0.4161071430262588,200.0,133.33333333333334,1.4566353187042844,BID_PRESSURE,2.0,200.0,-0.7548389908616842,266.6666666666667,200.0,0.8037143565049716,BID_PRESSURE,2.6666666666666665,266.6666666666667,-0.6419283749165424,-0.608,500.0,5100.0,3.0,6.0
M,2019,0.01,15,800.0,0.0,0.7209211302077398,BUYER_DOMINANT,8.0,800.0,0.2613565526445921,866.6666666666666,-133.33333333333334,0.0801891772909636,HIGH_PRICE_RANGE,8.666666666666666,866.6666666666666,0.374267168589734,800.0,0.0,0.7209211302077398,BUYER_DOMINANT,8.0,800.0,0.2613565526445921,500.0,-233.33333333333334,0.43843073437128766,HIGH_PRICE_RANGE,5.0,500.0,-0.24674121910854604,400.0,-200.0,0.4544868870363458,HIGH_PRICE_RANGE,4.0,400.0,-0.4161071430262588,-0.266,-900.0,7800.0,5.0,1.0
M,2020,0.69,14,300.0,-266.6666666666667,1.463768115942029,HIGH_PRICE_RANGE,3.0,266.6666666666667,-0.5854730669439715,833.3333333333334,-500.0,1.119168167918924,HIGH_PRICE_RANGE,8.333333333333334,833.3333333333334,0.31781186061716304,300.0,-266.6666666666667,1.463768115942029,HIGH_PRICE_RANGE,3.0,266.6666666666667,-0.5854730669439715,1266.6666666666667,-733.3333333333334,1.1773394623802558,HIGH_PRICE_RANGE,12.666666666666666,1266.6666666666667,1.051730864260585,800.0,-533.3333333333334,1.0810920184969304,HIGH_PRICE_RANGE,8.0,800.0,0.2613565526445922,-0.383,-5100.0,8800.0,1.0,2.0
M,2021,0.09,14,600.0,-133.33333333333334,0.5315877178940974,NORMAL,6.0,600.0,-0.07737529519083326,433.3333333333333,-300.0,0.7231015691577175,NORMAL,4.333333333333333,433.3333333333333,-0.35965183505368775,333.3333333333333,-266.6666666666667,1.061544558121238,BID_PRESSURE,3.3333333333333335,333.3333333333333,-0.5290177589714006,400.0,0.0,1.3782752742127442,SELLER_DOMINANT,4.0,400.0,-0.4161071430262587,1033.3333333333333,166.66666666666666,0.9182858548128459,HIGH_PRICE_RANGE,10.333333333333334,1033.3333333333333,0.6565437084525887,-0.143,-1900.0,6100.0,2.0,5.0
M,2022,-0.52,13,300.0,100.0,1.5706214689265536,SELLER_DOMINANT,3.0,300.0,-0.5854730669439715,366.6666666666667,133.33333333333334,0.7376630913877315,SELLER_DOMINANT,3.6666666666666665,266.6666666666667,-0.4725624509988297,333.3333333333333,66.66666666666667,1.3390236356054184,SELLER_DOMINANT,3.3333333333333335,333.3333333333333,-0.5290177589714006,233.33333333333334,33.333333333333336,1.2796509152830993,BUYER_DOMINANT,2.3333333333333335,233.33333333333334,-0.6983836828891133,566.6666666666666,-233.33333333333334,0.29003234332833555,NORMAL,5.666666666666667,566.6666666666666,-0.1338306031634042,-1.049,-400.0,2900.0,1.0,5.0
M,2023,-0.07,12,366.6666666666667,-200.0,0.7068973959710512,SELLER_DOMINANT,3.6666666666666665,333.3333333333333,-0.4725624509988296,233.33333333333334,233.33333333333334,0.795803798631954,BUYER_DOMINANT,2.3333333333333335,233.33333333333334,-0.6983836828891133,166.66666666666666,100.0,0.9730608292699796,OFFER_PRESSURE,1.6666666666666667,166.66666666666666,-0.8112942988342552,566.6666666666666,300.0,0.31398301553149316,SELLER_DOMINANT,5.666666666666667,566.6666666666666,-0.1338306031634042,1033.3333333333333,833.3333333333334,0.4026963762738962,NORMAL,10.333333333333334,1033.3333333333333,0.6565437084525887,-0.57,3600.0,4800.0,1.0,7.0
M,2024,0.37,15,1000.0,200.0,0.7507089740527633,NORMAL,10.0,1000.0,0.6000884004800177,3300.0,766.6666666666666,0.2875833222679591,HIGH_PRICE_RANGE,33.0,3300.0,2.9339484704700944,1000.0,200.0,0.7507089740527633,NORMAL,10.0,1000.0,0.6000884004800177,1000.0,0.0,0.721209891026979,HIGH_PRICE_RANGE,8.0,1000.0,0.6000884004800179,133.33333333333334,66.66666666666667,0.9494874415435598,BUYER_DOMINANT,1.3333333333333333,133.33333333333334,-0.867749606806826,0.199,1300.0,21700.0,3.0,2.0
M,2025,0.4,14,700.0,33.333333333333336,0.6457970677765817,BID_PRESSURE,7.0,700.0,0.09199062872687946,666.6666666666666,-133.33333333333334,0.5330307638918873,SELLER_DOMINANT,6.666666666666667,666.6666666666666,0.03553532075430852,800.0,133.33333333333334,0.7945748892816761,BID_PRESSURE,8.0,800.0,0.2613565526445921,2100.0,300.0,0.40873693278302664,HIGH_PRICE_RANGE,20.333333333333332,2100.0,2.463113563574858,1966.6666666666667,233.33333333333334,0.5453535043939781,SELLER_DOMINANT,19.333333333333332,1966.6666666666667,2.2372923316845745,-0.249,1000.0,12800.0,2.0,5.0
M,2026,0.15,14,500.0,433.3333333333333,1.8501547987616098,BID_PRESSURE,5.0,500.0,-0.24674121910854593,766.6666666666666,766.6666666666666,2.0,SELLER_DOMINANT,7.666666666666667,766.6666666666666,0.2049012446720213,500.0,433.3333333333333,1.8501547987616098,BID_PRESSURE,5.0,500.0,-0.24674121910854593,266.6666666666667,266.6666666666667,2.0,SELLER_DOMINANT,2.6666666666666665,266.6666666666667,-0.6419283749165423,566.6666666666666,100.0,1.5999999999999999,HIGH_PRICE_RANGE,3.6666666666666665,566.6666666666666,-0.1338306031634042,-0.25,6400.0,6600.0,5.0,6.0
N,2016,-0.23,15,,,,,,,,,,,,,,,,,,,,,,,,,,,,,,,,,,,,,,,,
N,2017,-0.01,16,700.0,-100.0,0.33060307126803284,NORMAL,7.0,700.0,0.09718871193757472,966.6666666666666,-33.333333333333336,0.6115956324104487,NORMAL,9.666666666666666,966.6666666666666,0.7310620781489053,866.6666666666666,-200.0,0.43241106719367584,NORMAL,8.666666666666666,866.6666666666666,0.49335956581965634,300.0,-233.33333333333334,0.7058823529411765,SELLER_DOMINANT,3.0,300.0,-0.8536213373794214,166.66666666666666,-166.66666666666666,0.9424414927261228,BID_PRESSURE,1.6666666666666667,166.66666666666666,-1.1705580204850867,0.51,-1500.0,7900.0,3.0,5.0
N,2018,-0.13,16,966.6666666666666,-300.0,0.780137136685795,HIGH_PRICE_RANGE,9.666666666666666,966.6666666666666,0.7310620781489053,966.6666666666666,-233.33333333333334,0.8885738314125281,HIGH_PRICE_RANGE,9.666666666666666,966.6666666666666,0.7310620781489053,1000.0,-466.6666666666667,1.1008415193653402,HIGH_PRICE_RANGE,10.0,1000.0,0.8102962489253218,1400.0,333.3333333333333,0.346942161434915,VOL_SPIKE,13.0,1400.0,1.7611062982423178,933.3333333333334,-66.66666666666667,0.44802320902949827,HIGH_PRICE_RANGE,9.333333333333334,933.3333333333334,0.6518279073724891,-0.653,-300.0,14500.0,0.0,3.0
N,2019,0.28,16,300.0,33.333333333333336,1.030597472702736,BUYER_DOMINANT,3.0,300.0,-0.8536213373794214,566.6666666666666,300.0,1.4629370629370628,HIGH_PRICE_RANGE,5.666666666666667,566.6666666666666,-0.21974797116809064,300.0,33.333333333333336,1.0305974727027358,BUYER_DOMINANT,3.0,300.0,-0.8536213373794214,433.3333333333333,-366.6666666666667,0.8878066378066377,HIGH_PRICE_RANGE,4.333333333333333,433.3333333333333,-0.536684654273756,333.3333333333333,-266.6666666666667,0.8937947877502491,HIGH_PRICE_RANGE,3.3333333333333335,333.3333333333333,-0.774387166603005,-0.137,-1100.0,6900.0,3.0,3.0
N,2020,-0.02,14,466.6666666666667,-200.0,0.9277004120377615,OFFER_PRESSURE,4.666666666666667,466.6666666666667,-0.45745048349733963,800.0,-400.0,1.4283909327387587,HIGH_PRICE_RANGE,8.0,800.0,0.3348912242668238,800.0,-533.3333333333334,0.8406491374438195,NORMAL,8.0,800.0,0.3348912242668238,533.3333333333334,-400.0,0.9836573494646085,HIGH_PRICE_RANGE,5.333333333333333,533.3333333333334,-0.29898214194450695,733.3333333333334,-133.33333333333334,0.9202172096908939,HIGH_PRICE_RANGE,7.333333333333333,733.3333333333334,0.17642288271399106,0.08,-3600.0,6000.0,0.0,4.0
N,2021,-0.1,13,1033.3333333333333,-33.333333333333336,0.6685333792484411,HIGH_PRICE_RANGE,10.333333333333334,1033.3333333333333,0.8895304197017381,333.3333333333333,-66.66666666666667,0.17872762400256184,BUYER_DOMINANT,3.3333333333333335,333.3333333333333,-0.7743871666030051,400.0,0.0,0.2372806356900005,BUYER_DOMINANT,4.0,400.0,-0.6159188250501724,600.0,133.33333333333334,0.20651896473957584,NORMAL,6.0,600.0,-0.1405138003916743,433.3333333333333,100.0,0.11750043601572195,NORMAL,4.333333333333333,433.3333333333333,-0.536684654273756,-0.12,300.0,6100.0,2.0,3.0
N,2022,0.86,15,666.6666666666666,66.66666666666667,0.7761381195436923,HIGH_PRICE_RANGE,6.666666666666667,666.6666666666666,0.017954541161158372,533.3333333333334,-66.66666666666667,0.9388104449863501,HIGH_PRICE_RANGE,5.333333333333333,533.3333333333334,-0.29898214194450695,666.6666666666666,66.66666666666667,0.7761381195436923,HIGH_PRICE_RANGE,6.666666666666667,666.6666666666666,0.017954541161158372,300.0,100.0,0.35767900292672766,BUYER_DOMINANT,3.0,300.0,-0.8536213373794214,533.3333333333334,-66.66666666666667,0.7174461945720689,BUYER_DOMINANT,5.333333333333333,533.3333333333334,-0.29898214194450695,-0.059,-1100.0,6500.0,4.0,3.0
N,2023,-0.11,16,566.6666666666666,-100.0,0.2618805543807786,BUYER_DOMINANT,5.666666666666667,566.6666666666666,-0.21974797116809064,466.6666666666667,-133.33333333333334,0.5721997300944669,BUYER_DOMINANT,4.666666666666667,466.6666666666667,-0.45745048349733963,566.6666666666666,-100.0,0.2618805543807786,BUYER_DOMINANT,5.666666666666667,566.6666666666666,-0.21974797116809064,266.6666666666667,0.0,1.1097344795564001,HIGH_PRICE_RANGE,2.6666666666666665,266.6666666666667,-0.9328555081558377,300.0,-33.333333333333336,1.65446473560213,HIGH_PRICE_RANGE,3.0,300.0,-0.8536213373794214,1.393,-900.0,6100.0,7.0,4.0
N,2024,-0.12,16,600.0,-266.6666666666667,0.5451905953427559,BUYER_DOMINANT,6.0,600.0,-0.1405138003916743,1166.6666666666667,-166.66666666666666,0.5946483315881088,HIGH_PRICE_RANGE,11.666666666666666,1166.6666666666667,1.2064671028074034,600.0,-266.6666666666667,0.5451905953427559,BUYER_DOMINANT,6.0,600.0,-0.1405138003916743,600.0,-600.0,1.6666666666666667,BUYER_DOMINANT,6.0,600.0,-0.14051380039167433,1366.6666666666667,-33.333333333333336,0.7843163564854777,SELLER_DOMINANT,13.666666666666666,1366.6666666666667,1.6818721274659014,0.239,-4900.0,12100.0,3.0,4.0
N,2025,-0.09,15,1033.3333333333333,-166.66666666666666,0.5866132816911663,BUYER_DOMINANT,10.333333333333334,1033.3333333333333,0.8895304197017381,766.6666666666666,166.66666666666666,0.4564307966177125,BID_PRESSURE,7.666666666666667,766.6666666666666,0.2556570534904074,1033.3333333333333,-166.66666666666666,0.5866132816911663,BUYER_DOMINANT,10.333333333333334,1033.3333333333333,0.8895304197017381,1000.0,666.6666666666666,0.39035171942150354,HIGH_PRICE_RANGE,10.0,1000.0,0.8102962489253217,533.3333333333334,333.3333333333333,0.63272213191457,NORMAL,5.333333333333333,533.3333333333334,-0.29898214194450695,0.046,3100.0,11700.0,1.0,3.0
N,2026,-0.45,14,700.0,-33.333333333333336,0.773718853573663,SELLER_DOMINANT,6.666666666666667,700.0,0.09718871193757472,100.0,-100.0,0.8270676691729323,BID_PRESSURE,1.0,100.0,-1.3290263620379192,33.333333333333336,33.333333333333336,0.8465608465608465,NORMAL,0.3333333333333333,33.333333333333336,-1.487494703590752,666.6666666666666,133.33333333333334,1.228075956238191,HIGH_PRICE_RANGE,6.666666666666667,666.6666666666666,0.017954541161158338,700.0,433.3333333333333,0.2410973464672126,HIGH_PRICE_RANGE,7.0,700.0,0.09718871193757472,-0.605,800.0,4600.0,2.0,4.0
Q,2016,0.03,15,,,,,,,,,,,,,,,,,,,,,,,,,,,,,,,,,,,,,,,,
Q,2017,0.07,15,66.66666666666667,-66.66666666666667,1.2020254932774577,SELLER_DOMINANT,0.6666666666666666,66.66666666666667,-1.1388539679384113,366.6666666666667,-300.0,0.7577454273982829,NORMAL,3.6666666666666665,366.6666666666667,-0.5954366993870487,66.66666666666667,-66.66666666666667,1.2020254932774577,SELLER_DOMINANT,0.6666666666666666,66.66666666666667,-1.1388539679384113,333.3333333333333,-66.66666666666667,1.2607188011304478,SELLER_DOMINANT,3.3333333333333335,333.3333333333333,-0.6558163958927556,333.3333333333333,266.6666666666667,1.2165315647261117,BUYER_DOMINANT,3.3333333333333335,333.3333333333333,-0.6558163958927556,0.015,-2200.0,5400.0,4.0,8.0
Q,2018,-0.04,14,966.6666666666666,-233.33333333333334,0.6290401231079646,NORMAL,9.666666666666666,966.6666666666666,0.49139783771567674,166.66666666666666,-33.333333333333336,1.0818318318318318,NO_SELLER,1.6666666666666667,166.66666666666666,-0.9577148784212905,200.0,-66.66666666666667,0.4848875790904776,BID_PRESSURE,2.0,200.0,-0.8973351819155835,933.3333333333334,-200.0,0.6665059582380273,BUYER_DOMINANT,9.333333333333334,933.3333333333334,0.4310181412099698,1000.0,-400.0,0.8548127086849271,BUYER_DOMINANT,10.0,1000.0,0.5517775342213839,0.37,-1300.0,10100.0,3.0,5.0
Q,2019,0.06,13,1000.0,600.0,1.429213238417111,HIGH_PRICE_RANGE,10.0,1000.0,0.5517775342213838,400.0,0.0,0.9537750385208011,BUYER_DOMINANT,4.0,400.0,-0.5350570028813416,300.0,300.0,2.0,BUYER_DOMINANT,3.0,300.0,-0.7161960923984626,833.3333333333334,-33.333333333333336,0.6135299509085413,HIGH_PRICE_RANGE,8.333333333333334,833.3333333333334,0.24987905169284894,200.0,-200.0,0.6522640192701651,NORMAL,2.0,200.0,-0.8973351819155835,-1.348,-100.0,5900.0,2.0,2.0
Q,2020,0.08,15,533.3333333333334,66.66666666666667,1.1736236154307853,OFFER_PRESSURE,5.333333333333333,533.3333333333334,-0.29353821685851383,933.3333333333334,466.6666666666667,0.9260502519439582,HIGH_PRICE_RANGE,9.333333333333334,933.3333333333334,0.4310181412099698,533.3333333333334,66.66666666666667,1.1736236154307853,OFFER_PRESSURE,5.333333333333333,533.3333333333334,-0.29353821685851383,500.0,166.66666666666666,1.317031703170317,BID_PRESSURE,5.0,500.0,-0.35391791336422074,733.3333333333334,0.0,0.6894897649449087,BUYER_DOMINANT,7.333333333333333,733.3333333333334,0.06873996217572798,-0.484,3600.0,7600.0,7.0,4.0
Q,2021,0.09,15,666.6666666666666,-666.6666666666666,0.44953818082560604,NORMAL,6.666666666666667,666.6666666666666,-0.05201943083568595,300.0,-233.33333333333334,0.19339857098477786,SELLER_DOMINANT,3.0,300.0,-0.7161960923984626,666.6666666666666,-666.6666666666666,0.44953818082560604,NORMAL,6.666666666666667,666.6666666666666,-0.05201943083568595,1000.0,66.66666666666667,0.6867507221581682,HIGH_PRICE_RANGE,10.0,1000.0,0.5517775342213839,866.6666666666666,200.0,0.6718922601684096,BID_PRESSURE,8.666666666666666,866.6666666666666,0.3102587481985559,0.222,-2400.0,7800.0,2.0,2.0
Q,2022,0.72,15,933.3333333333334,333.3333333333333,1.2217107181298241,HIGH_PRICE_RANGE,9.333333333333334,933.3333333333334,0.43101814120996984,466.6666666666667,400.0,0.8585439612901492,HIGH_PRICE_RANGE,4.666666666666667,466.6666666666667,-0.4142976098699278,933.3333333333334,333.3333333333333,1.2217107181298241,HIGH_PRICE_RANGE,9.333333333333334,933.3333333333334,0.43101814120996984,133.33333333333334,133.33333333333334,2.0,SELLER_DOMINANT,1.3333333333333333,133.33333333333334,-1.0180945749269974,666.6666666666666,133.33333333333334,0.5116034360710938,BUYER_DOMINANT,6.666666666666667,666.6666666666666,-0.05201943083568594,-0.71,3500.0,7500.0,5.0,3.0
Q,2023,0.05,15,266.6666666666667,-200.0,0.9752767739344921,BUYER_DOMINANT,2.6666666666666665,266.6666666666667,-0.7765757889041695,866.6666666666666,-533.3333333333334,1.498495635223324,OFFER_PRESSURE,8.666666666666666,866.6666666666666,0.31025874819855587,266.6666666666667,-200.0,0.9752767739344921,BUYER_DOMINANT,2.6666666666666665,266.6666666666667,-0.7765757889041695,933.3333333333334,66.66666666666667,0.6042424793789422,BUYER_DOMINANT,9.333333333333334,933.3333333333334,0.4310181412099698,1366.6666666666667,-166.66666666666666,1.1818119539782295,HIGH_PRICE_RANGE,13.666666666666666,1366.6666666666667,1.2159541957841606,0.207,-2100.0,12100.0,3.0,6.0
Q,2024,0.25,13,300.0,166.66666666666666,1.3626261217278095,BID_PRESSURE,3.0,300.0,-0.7161960923984626,300.0,-300.0,1.3333333333333333,SELLER_DOMINANT,3.0,300.0,-0.7161960923984626,266.6666666666667,-133.33333333333334,0.5508195508195508,NORMAL,2.6666666666666665,266.6666666666667,-0.7765757889041695,1033.3333333333333,-233.33333333333334,1.0290917706326494,NORMAL,10.333333333333334,1033.3333333333333,0.6121572307270907,1766.6666666666667,633.3333333333334,0.5387044187044188,VOL_SPIKE,17.0,1766.6666666666667,1.9405105538526441,-0.012,500.0,10700.0,1.0,5.0
Q,2025,0.19,14,733.3333333333334,-200.0,0.3000007902077456,BUYER_DOMINANT,7.333333333333333,733.3333333333334,0.06873996217572796,1733.3333333333333,533.3333333333334,0.8611060542456196,HIGH_PRICE_RANGE,17.333333333333332,1733.3333333333333,0.8848141174352667,733.3333333333334,-200.0,0.3000007902077456,BUYER_DOMINANT,7.333333333333333,733.3333333333334,0.06873996217572796,600.0,66.66666666666667,0.3262357797241518,SELLER_DOMINANT,6.0,600.0,-0.1727788238470999,500.0,-33.333333333333336,0.2558743825911011,SELLER_DOMINANT,5.0,500.0,-0.3539179133642208,-0.044,1100.0,10100.0,3.0,4.0
U,2016,0.06,14,,,,,,,,,,,,,,,,,,,,,,,,,,,,,,,,,,,,,,,,
U,2017,0.05,14,766.6666666666666,33.333333333333336,0.6580437488972968,BID_PRESSURE,7.666666666666667,766.6666666666666,0.28827534547772904,933.3333333333334,0.0,0.7010014777024641,SELLER_DOMINANT,9.333333333333334,933.3333333333334,0.6593412817653622,766.6666666666666,33.333333333333336,0.6580437488972968,BID_PRESSURE,7.666666666666667,766.6666666666666,0.28827534547772904,133.33333333333334,-66.66666666666667,1.1996175849959245,BID_PRESSURE,1.3333333333333333,133.33333333333334,-1.121775212415277,133.33333333333334,66.66666666666667,1.5397536394176932,BID_PRESSURE,1.3333333333333333,133.33333333333334,-1.121775212415277,0.882,-400.0,7000.0,3.0,5.0
U,2018,-0.34,15,200.0,133.33333333333334,1.757234334215913,BUYER_DOMINANT,2.0,200.0,-0.9733488379002235,700.0,-433.3333333333333,1.0751311067650569,BID_PRESSURE,7.0,700.0,0.13984897096267584,200.0,133.33333333333334,1.757234334215913,BUYER_DOMINANT,2.0,200.0,-0.9733488379002235,433.3333333333333,33.333333333333336,0.9061034095697118,BUYER_DOMINANT,4.333333333333333,433.3333333333333,-0.4538565270975372,766.6666666666666,233.33333333333334,0.9277309403855178,BID_PRESSURE,7.666666666666667,766.6666666666666,0.2882753454777291,-0.83,-1300.0,6100.0,4.0,6.0
U,2019,-0.31,16,800.0,-133.33333333333334,0.493765434904474,HIGH_PRICE_RANGE,8.0,800.0,0.36248853273525566,566.6666666666666,-300.0,0.1064575033200531,HIGH_PRICE_RANGE,5.666666666666667,566.6666666666666,-0.1570037780674307,800.0,-133.33333333333334,0.09396066994916452,HIGH_PRICE_RANGE,8.0,800.0,0.36248853273525566,366.6666666666667,166.66666666666666,1.1987263943785684,BUYER_DOMINANT,3.6666666666666665,366.6666666666667,-0.6022829016125905,566.6666666666666,-166.66666666666666,1.663372859025033,BUYER_DOMINANT,5.666666666666667,566.6666666666666,-0.1570037780674307,1.569,-2700.0,9500.0,1.0,3.0
U,2020,0.02,16,566.6666666666666,100.0,1.3683569979716024,BID_PRESSURE,5.666666666666667,566.6666666666666,-0.1570037780674307,400.0,200.0,1.2667434219763556,HIGH_PRICE_RANGE,4.0,400.0,-0.5280697143550639,566.6666666666666,100.0,1.3683569979716024,BID_PRESSURE,5.666666666666667,566.6666666666666,-0.1570037780674307,1400.0,-533.3333333333334,0.5015832981754175,HIGH_PRICE_RANGE,14.0,1400.0,1.6983259033707352,1833.3333333333333,100.0,0.32039597846328793,HIGH_PRICE_RANGE,18.333333333333332,1833.3333333333333,2.663097337718581,-1.048,-1100.0,12300.0,3.0,2.0
U,2021,0.14,15,500.0,-166.66666666666666,0.9110166408548057,BUYER_DOMINANT,5.0,500.0,-0.3054301525824839,666.6666666666666,-266.6666666666667,0.9286991853488433,HIGH_PRICE_RANGE,6.666666666666667,666.6666666666666,0.06563578370514926,500.0,-166.66666666666666,0.9110166408548057,BUYER_DOMINANT,5.0,500.0,-0.3054301525824839,166.66666666666666,-166.66666666666666,1.3749348220756286,OFFER_PRESSURE,1.6666666666666667,166.66666666666666,-1.0475620251577504,1133.3333333333333,533.3333333333334,0.9158017404421154,HIGH_PRICE_RANGE,11.333333333333334,1133.3333333333333,1.104620405310522,0.005,-1300.0,7300.0,0.0,5.0
U,2022,2.02,14,600.0,533.3333333333334,1.5159035800884324,SELLER_DOMINANT,6.0,600.0,-0.08279059080990404,200.0,66.66666666666667,0.97134410305142,SELLER_DOMINANT,2.0,200.0,-0.9733488379002236,400.0,0.0,1.0452803574060845,SELLER_DOMINANT,4.0,400.0,-0.5280697143550639,900.0,-166.66666666666666,0.3285301960769507,HIGH_PRICE_RANGE,9.0,900.0,0.5851280945078356,1033.3333333333333,-300.0,0.8401774411356889,BUYER_DOMINANT,10.333333333333334,1033.3333333333333,0.7221667110208175,-0.205,-100.0,10300.0,2.0,5.0
U,2023,0.03,14,233.33333333333334,-33.333333333333336,1.1599750292892754,BUYER_DOMINANT,2.3333333333333335,233.33333333333334,-0.899135650642697,933.3333333333334,133.33333333333334,0.6084788634654552,BID_PRESSURE,9.333333333333334,933.3333333333334,0.6593412817653623,233.33333333333334,-33.333333333333336,1.1599750292892754,BUYER_DOMINANT,2.3333333333333335,233.33333333333334,-0.899135650642697,500.0,300.0,0.1552333743709367,BUYER_DOMINANT,5.0,500.0,-0.3054301525824839,633.3333333333334,500.0,0.18744611758112237,NORMAL,6.333333333333333,633.3333333333334,-0.008577403552377386,-0.973,2500.0,6900.0,6.0,4.0
U,2024,0.05,16,433.3333333333333,366.6666666666667,0.9792661738977776,BUYER_DOMINANT,4.333333333333333,433.3333333333333,-0.4538565270975372,766.6666666666666,166.66666666666666,0.5998497547964515,HIGH_PRICE_RANGE,7.666666666666667,766.6666666666666,0.2882753454777291,500.0,233.33333333333334,0.6918355947296942,BUYER_DOMINANT,5.0,500.0,-0.305430152582484,466.6666666666667,333.3333333333333,1.160742565518543,BUYER_DOMINANT,4.666666666666667,466.6666666666667,-0.3796433398400106,300.0,33.333333333333336,0.9521884298172535,BUYER_DOMINANT,3.0,300.0,-0.7507092761276438,0.26,3200.0,7400.0,7.0,2.0
U,2025,-0.21,16,533.3333333333334,-200.0,0.8115310164090651,BUYER_DOMINANT,5.333333333333333,533.3333333333334,-0.2312169653249573,733.3333333333334,-266.6666666666667,0.6123772328588711,SELLER_DOMINANT,6.666666666666667,733.3333333333334,0.21406215822020247,766.6666666666666,-100.0,0.7268749317529805,BUYER_DOMINANT,7.666666666666667,766.6666666666666,0.2882753454777291,1033.3333333333333,-233.33333333333334,0.6052655805723575,HIGH_PRICE_RANGE,9.333333333333334,1033.3333333333333,0.8819808435379421,1200.0,-333.3333333333333,0.5269828423670272,SELLER_DOMINANT,12.0,1200.0,1.2530467798255753,-0.2,-2900.0,10700.0,3.0,6.0
V,2016,0.0,16,,,,,,,,,,,,,,,,,,,,,,,,,,,,,,,,,,,,,,,,
V,2017,0.31,16,433.3333333333333,-100.0,1.1410006497725795,SELLER_DOMINANT,4.333333333333333,433.3333333333333,-0.4715479118902204,366.6666666666667,100.0,1.1130420962711325,BID_PRESSURE,3.6666666666666665,366.6666666666667,-0.6094018258070829,566.6666666666666,-300.0,1.0846971002009762,OFFER_PRESSURE,5.666666666666667,566.6666666666666,-0.1958400840564952,1200.0,-66.66666666666667,0.5501078014971916,NORMAL,12.0,1200.0,1.1137720981536992,800.0,66.66666666666667,1.0563028836231967,BUYER_DOMINANT,8.0,800.0,0.28664861465252384,-0.028,-1200.0,8800.0,4.0,5.0
V,2018,-0.3,16,500.0,-366.6666666666667,1.055608204584168,BUYER_DOMINANT,5.0,500.0,-0.33369399797335775,500.0,-366.6666666666667,1.1047616520269972,HIGH_PRICE_RANGE,5.0,500.0,-0.3336939979733578,500.0,-366.6666666666667,1.055608204584168,BUYER_DOMINANT,5.0,500.0,-0.33369399797335775,1166.6666666666667,-500.0,1.032158175138961,HIGH_PRICE_RANGE,11.666666666666666,1166.6666666666667,0.7775373346844282,433.3333333333333,-33.333333333333336,1.0791483270710323,BUYER_DOMINANT,4.333333333333333,433.3333333333333,-0.4715479118902204,0.024,-5900.0,9900.0,5.0,2.0
V,2019,-0.11,15,200.0,-200.0,0.41863127764767105,SELLER_DOMINANT,2.0,200.0,-0.9540366105992394,666.6666666666666,-266.6666666666667,0.5498838028969689,BUYER_DOMINANT,6.666666666666667,666.6666666666666,0.01094078681879862,200.0,-200.0,0.41863127764767105,SELLER_DOMINANT,2.0,200.0,-0.9540366105992394,833.3333333333334,-366.6666666666667,1.0521075146365322,SELLER_DOMINANT,8.333333333333334,833.3333333333334,0.35557557161095504,966.6666666666666,-900.0,1.3165372285440338,BUYER_DOMINANT,9.666666666666666,966.6666666666666,0.6312833994446801,0.898,-4200.0,8000.0,2.0,5.0
V,2020,0.05,13,200.0,0.0,1.1496730218265736,BID_PRESSURE,2.0,200.0,-0.9540366105992394,533.3333333333334,333.3333333333333,0.6852255271610111,BID_PRESSURE,5.333333333333333,533.3333333333334,-0.2647670410149265,666.6666666666666,200.0,0.29469732105391017,HIGH_PRICE_RANGE,6.666666666666667,666.6666666666666,0.01094078681879864,1333.3333333333333,-666.6666666666666,0.7892969256083094,HIGH_PRICE_RANGE,13.333333333333334,1333.3333333333333,1.3289529903518782,1533.3333333333333,400.0,0.4029489386115892,HIGH_PRICE_RANGE,15.333333333333334,1533.3333333333333,1.6046608181856037,0.108,0.0,10800.0,1.0,1.0
V,2021,0.33,15,233.33333333333334,233.33333333333334,0.2476650116801966,SELLER_DOMINANT,2.3333333333333335,233.33333333333334,-0.8851096536408081,1400.0,200.0,0.42946338656308436,HIGH_PRICE_RANGE,13.666666666666666,1400.0,1.3978799473103098,233.33333333333334,233.33333333333334,0.2476650116801966,SELLER_DOMINANT,2.3333333333333335,233.33333333333334,-0.8851096536408081,566.6666666666666,166.66666666666666,0.6553888963205897,BUYER_DOMINANT,5.666666666666667,566.6666666666666,-0.19584008405649525,333.3333333333333,66.66666666666667,1.4213671953058296,SELLER_DOMINANT,3.3333333333333335,333.3333333333333,-0.6783287827655142,1.174,1500.0,8500.0,4.0,4.0
V,2022,0.07,16,600.0,-266.6666666666667,0.2666006659438705,BUYER_DOMINANT,6.0,600.0,-0.12691312709806393,600.0,133.33333333333334,0.4296358001056411,BUYER_DOMINANT,6.0,600.0,-0.12691312709806396,600.0,-400.0,0.5835576699237753,BUYER_DOMINANT,6.0,600.0,-0.1269131270980639,500.0,366.6666666666667,0.6208951591855516,BUYER_DOMINANT,5.0,500.0,-0.3336939979733578,433.3333333333333,366.6666666666667,1.0457656255067953,BUYER_DOMINANT,4.333333333333333,433.3333333333333,-0.4715479118902204,0.462,1000.0,7000.0,4.0,2.0
V,2023,0.04,16,966.6666666666666,433.3333333333333,1.1105562768401078,BUYER_DOMINANT,9.666666666666666,966.6666666666666,0.6312833994446801,1033.3333333333333,833.3333333333334,0.5668899949921847,SELLER_DOMINANT,10.333333333333334,1033.3333333333333,0.7691373133615427,933.3333333333334,600.0,1.4965211891208094,BUYER_DOMINANT,9.333333333333334,933.3333333333334,0.5623564424862489,200.0,133.33333333333334,0.4839409811109518,SELLER_DOMINANT,2.0,200.0,-0.9540366105992394,466.6666666666667,333.3333333333333,0.5685860541695782,SELLER_DOMINANT,4.666666666666667,466.6666666666667,-0.4026209549317891,-0.928,6300.0,10100.0,6.0,4.0
V,2024,-0.03,15,66.66666666666667,0.0,0.8416043052004653,BUYER_DOMINANT,0.6666666666666666,66.66666666666667,-1.2297444384329645,466.6666666666667,133.33333333333334,1.1550585422429112,BID_PRESSURE,4.666666666666667,466.6666666666667,-0.4026209549317891,66.66666666666667,0.0,0.8416043052004653,BUYER_DOMINANT,0.6666666666666666,66.66666666666667,-1.2297444384329645,1200.0,-733.3333333333334,0.17269265346888144,HIGH_PRICE_RANGE,12.0,1200.0,1.1137720981536992,666.6666666666666,266.6666666666667,1.4973060392311615,SELLER_DOMINANT,6.666666666666667,666.6666666666666,0.010940786818798546,0.656,1800.0,10600.0,2.0,4.0
V,2025,-0.11,14,266.6666666666667,0.0,0.29674556435539307,SELLER_DOMINANT,2.6666666666666665,266.6666666666667,-0.8161826966823768,766.6666666666666,-33.333333333333336,0.7714397038768751,BUYER_DOMINANT,7.333333333333333,766.6666666666666,0.2177216576940925,1100.0,-100.0,0.4625907904943234,SELLER_DOMINANT,10.333333333333334,1100.0,0.9069912272784052,466.6666666666667,-133.33333333333334,0.733079461792333,BUYER_DOMINANT,4.666666666666667,466.6666666666667,-0.4026209549317891,766.6666666666666,-166.66666666666666,0.5159063949099537,HIGH_PRICE_RANGE,7.666666666666667,766.6666666666666,0.2177216576940925,0.053,-1800.0,10000.0,2.0,3.0
X,2016,-0.0,15,,,,,,,,,,,,,,,,,,,,,,,,,,,,,,,,,,,,,,,,
X,2017,0.12,14,433.3333333333333,33.333333333333336,1.1564291564291564,SELLER_DOMINANT,4.333333333333333,433.3333333333333,-0.4570248273146455,300.0,300.0,1.5498039215686275,BUYER_DOMINANT,3.0,300.0,-0.8049712215239828,300.0,233.33333333333334,1.3411764705882352,BUYER_DOMINANT,3.0,300.0,-0.8049712215239828,300.0,-166.66666666666666,1.1201368312013684,BUYER_DOMINANT,3.0,300.0,-0.8049712215239828,633.3333333333334,-33.333333333333336,1.2983529493873724,BUYER_DOMINANT,6.333333333333333,633.3333333333334,0.06489476399936049,-0.043,-100.0,4500.0,5.0,6.0
X,2018,0.02,13,466.6666666666667,266.6666666666667,1.1333138042629172,BUYER_DOMINANT,4.666666666666667,466.6666666666667,-0.3700382287623112,933.3333333333334,-333.3333333333333,0.6111258930771126,BID_PRESSURE,9.333333333333334,933.3333333333334,0.8477741509703695,633.3333333333334,-233.33333333333334,0.4415239917105053,HIGH_PRICE_RANGE,6.333333333333333,633.3333333333334,0.06489476399936045,533.3333333333334,-200.0,1.041628965623663,OFFER_PRESSURE,5.333333333333333,533.3333333333334,-0.19606503165764255,333.3333333333333,266.6666666666667,1.3542260208926873,BID_PRESSURE,3.3333333333333335,333.3333333333333,-0.7179846229716486,0.913,100.0,7300.0,2.0,5.0
X,2019,-0.28,14,766.6666666666666,233.33333333333334,0.7178687930409567,HIGH_PRICE_RANGE,7.666666666666667,766.6666666666666,0.41284115820869777,766.6666666666666,-100.0,0.4265454612490676,HIGH_PRICE_RANGE,7.666666666666667,766.6666666666666,0.4128411582086977,766.6666666666666,233.33333333333334,0.7178687930409567,HIGH_PRICE_RANGE,7.666666666666667,766.6666666666666,0.41284115820869777,1200.0,-266.6666666666667,1.1417370417052324,HIGH_PRICE_RANGE,12.0,1200.0,1.543666939389044,966.6666666666666,-33.333333333333336,0.8788439599442261,HIGH_PRICE_RANGE,9.666666666666666,966.6666666666666,0.9347607495227037,0.161,-500.0,9500.0,1.0,2.0
X,2020,-0.02,15,600.0,-600.0,0.9559648204217602,OFFER_PRESSURE,6.0,600.0,-0.022091834552973904,433.3333333333333,-100.0,0.7426251487624471,NORMAL,4.333333333333333,433.3333333333333,-0.4570248273146455,600.0,-600.0,0.9559648204217602,OFFER_PRESSURE,6.0,600.0,-0.022091834552973904,1566.6666666666667,-433.3333333333333,0.22128851540616246,HIGH_PRICE_RANGE,15.666666666666666,1566.6666666666667,2.5005195234647215,1366.6666666666667,-366.6666666666667,0.1989934185056136,HIGH_PRICE_RANGE,13.666666666666666,1366.6666666666667,1.9785999321507157,-0.757,-2300.0,11700.0,2.0,2.0
X,2021,-0.07,15,500.0,-233.33333333333334,0.8205627705627706,BUYER_DOMINANT,5.0,500.0,-0.28305163020997687,700.0,-100.0,0.3813440474688334,NORMAL,7.0,700.0,0.23886796110402908,500.0,-233.33333333333334,0.8205627705627706,BUYER_DOMINANT,5.0,500.0,-0.28305163020997687,466.6666666666667,0.0,0.9927138293672159,BID_PRESSURE,4.666666666666667,466.6666666666667,-0.37003822876231124,366.6666666666667,-33.333333333333336,1.1950617283950618,BID_PRESSURE,3.6666666666666665,366.6666666666667,-0.6309980244193142,0.374,-900.0,7700.0,3.0,4.0
X,2022,-0.2,15,500.0,-500.0,1.980246913580247,SELLER_DOMINANT,5.0,500.0,-0.28305163020997687,300.0,-100.0,0.6720322965940299,SELLER_DOMINANT,3.0,300.0,-0.8049712215239827,500.0,-500.0,1.980246913580247,SELLER_DOMINANT,5.0,500.0,-0.28305163020997687,633.3333333333334,300.0,0.9747397321243986,HIGH_PRICE_RANGE,6.333333333333333,633.3333333333334,0.06489476399936038,333.3333333333333,-66.66666666666667,1.8066890326703409,HIGH_PRICE_RANGE,3.3333333333333335,333.3333333333333,-0.7179846229716484,-0.174,700.0,4900.0,1.0,5.0
X,2023,0.12,14,666.6666666666666,66.66666666666667,0.2518736100377211,BUYER_DOMINANT,6.666666666666667,666.6666666666666,0.1518813625516947,533.3333333333334,66.66666666666667,1.1758058655169175,BID_PRESSURE,5.333333333333333,533.3333333333334,-0.19606503165764258,500.0,-33.333333333333336,0.8127674589708554,SELLER_DOMINANT,5.0,500.0,-0.28305163020997687,600.0,200.0,1.3523899830768522,BUYER_DOMINANT,6.0,600.0,-0.02209183455297394,633.3333333333334,-166.66666666666666,1.4734524734524734,BUYER_DOMINANT,6.333333333333333,633.3333333333334,0.06489476399936044,0.661,200.0,7600.0,5.0,4.0
X,2024,0.16,14,766.6666666666666,633.3333333333334,1.3074327017618452,BID_PRESSURE,7.666666666666667,766.6666666666666,0.4128411582086977,766.6666666666666,166.66666666666666,1.0337055029642657,BID_PRESSURE,7.666666666666667,766.6666666666666,0.4128411582086977,766.6666666666666,633.3333333333334,1.3074327017618452,BID_PRESSURE,7.666666666666667,766.6666666666666,0.4128411582086977,766.6666666666666,566.6666666666666,1.7483285266239499,BID_PRESSURE,7.666666666666667,766.6666666666666,0.4128411582086977,866.6666666666666,666.6666666666666,1.724799114859244,HIGH_PRICE_RANGE,8.666666666666666,866.6666666666666,0.6738009538657006,0.417,4300.0,7100.0,8.0,2.0
X,2025,0.26,15,1066.6666666666667,333.3333333333333,0.8164733930641237,SELLER_DOMINANT,10.666666666666666,1066.6666666666667,1.1957205451797066,933.3333333333334,-333.3333333333333,0.5893691817088675,HIGH_PRICE_RANGE,9.333333333333334,933.3333333333334,0.8112989131933489,1066.6666666666667,333.3333333333333,0.8164733930641237,SELLER_DOMINANT,10.666666666666666,1066.6666666666667,1.1957205451797066,933.3333333333334,133.33333333333334,0.606008536359716,BUYER_DOMINANT,9.333333333333334,933.3333333333334,0.8477741509703695,566.6666666666666,-33.333333333333336,0.8262645399957383,HIGH_PRICE_RANGE,5.666666666666667,566.6666666666666,-0.10907843310530828,0.01,-1000.0,10600.0,1.0,6.0
Z,2016,-0.25,14,,,,,,,,,,,,,,,,,,,,,,,,,,,,,,,,,,,,,,,,
Z,2017,-0.05,15,433.3333333333333,-100.0,0.7422125181950511,SELLER_DOMINANT,4.333333333333333,433.3333333333333,-0.40535449395683426,733.3333333333334,-266.6666666666667,1.3456818471743845,HIGH_PRICE_RANGE,7.333333333333333,733.3333333333334,0.21727835224958958,433.3333333333333,-100.0,0.7422125181950511,SELLER_DOMINANT,4.333333333333333,433.3333333333333,-0.40535449395683426,500.0,-100.0,1.2066062463903326,NORMAL,5.0,500.0,-0.26699163924429564,633.3333333333334,-33.333333333333336,0.5377155386825527,BUYER_DOMINANT,6.333333333333333,633.3333333333334,0.00973407018078167,-0.204,-1400.0,7000.0,3.0,5.0
Z,2018,-0.21,16,266.6666666666667,66.66666666666667,0.9838943024163985,BUYER_DOMINANT,2.6666666666666665,266.6666666666667,-0.7512616307381809,433.3333333333333,100.0,1.0210519383122332,BID_PRESSURE,4.333333333333333,433.3333333333333,-0.40535449395683426,566.6666666666666,-100.0,1.2637741822962785,BUYER_DOMINANT,5.666666666666667,566.6666666666666,-0.12862878453175708,1866.6666666666667,533.3333333333334,0.9032966442580818,HIGH_PRICE_RANGE,18.333333333333332,1866.6666666666667,1.652182702112368,1833.3333333333333,700.0,1.086922375252234,HIGH_PRICE_RANGE,18.0,1833.3333333333333,1.5830012747560989,-0.177,4300.0,10900.0,7.0,3.0
Z,2019,-0.19,16,633.3333333333334,-33.333333333333336,0.5393101167749055,HIGH_PRICE_RANGE,6.333333333333333,633.3333333333334,0.009734070180781687,566.6666666666666,-433.3333333333333,0.8940354772312032,SELLER_DOMINANT,5.666666666666667,566.6666666666666,-0.128628784531757,633.3333333333334,-100.0,0.4828382690615469,HIGH_PRICE_RANGE,6.333333333333333,633.3333333333334,0.009734070180781687,833.3333333333334,-633.3333333333334,1.4094579008073815,HIGH_PRICE_RANGE,8.333333333333334,833.3333333333334,0.42482263431839756,533.3333333333334,0.0,1.683080808080808,BID_PRESSURE,5.333333333333333,0.0,-0.1978102118880263,1.2,-3800.0,9300.0,0.0,7.0
Z,2020,0.04,15,300.0,-300.0,2.0,OFFER_PRESSURE,3.0,300.0,-0.6820802033819117,733.3333333333334,-466.6666666666667,1.1892030970351646,HIGH_PRICE_RANGE,7.333333333333333,733.3333333333334,0.21727835224958958,300.0,-300.0,2.0,OFFER_PRESSURE,3.0,300.0,-0.6820802033819117,1166.6666666666667,-433.3333333333333,0.4138695525556839,HIGH_PRICE_RANGE,11.666666666666666,1166.6666666666667,1.1166369078810907,1900.0,0.0,0.2647172494602013,HIGH_PRICE_RANGE,19.0,0.0,1.9980898388937147,-1.735,-4900.0,10600.0,2.0,4.0
Z,2021,-0.31,14,300.0,0.0,1.0319645267013688,BID_PRESSURE,3.0,266.6666666666667,-0.6820802033819114,666.6666666666666,0.0,1.1505774728416238,HIGH_PRICE_RANGE,6.666666666666667,666.6666666666666,0.078915497537051,466.6666666666667,66.66666666666667,0.594775888488481,BUYER_DOMINANT,4.666666666666667,466.6666666666667,-0.33617306660056495,500.0,-33.333333333333336,0.6575216874844413,HIGH_PRICE_RANGE,5.0,500.0,-0.26699163924429564,500.0,-166.66666666666666,0.6505178163945936,HIGH_PRICE_RANGE,5.0,500.0,-0.2669916392442957,0.056,-100.0,6500.0,3.0,4.0
Z,2022,0.19,14,366.6666666666667,100.0,0.9053005695770101,BUYER_DOMINANT,3.6666666666666665,366.6666666666667,-0.5437173486693729,333.3333333333333,66.66666666666667,0.986351919343751,BUYER_DOMINANT,3.3333333333333335,333.3333333333333,-0.6128987760256422,366.6666666666667,100.0,0.9053005695770101,BUYER_DOMINANT,3.6666666666666665,366.6666666666667,-0.5437173486693729,1166.6666666666667,233.33333333333334,1.0597927046791338,HIGH_PRICE_RANGE,11.666666666666666,1166.6666666666667,1.116636907881091,1066.6666666666667,66.66666666666667,1.2852282381002418,HIGH_PRICE_RANGE,10.333333333333334,1066.6666666666667,0.909092625812283,0.38,1300.0,6700.0,5.0,2.0
Z,2023,-0.18,15,1133.3333333333333,-133.33333333333334,0.7853799929303641,BID_PRESSURE,11.333333333333334,1133.3333333333333,1.0474554805248215,566.6666666666666,-233.33333333333334,0.809749312328082,BUYER_DOMINANT,5.666666666666667,566.6666666666666,-0.12862878453175697,1133.3333333333333,-133.33333333333334,0.7853799929303641,BID_PRESSURE,11.333333333333334,1133.3333333333333,1.0474554805248215,700.0,-366.6666666666667,0.5474511419421598,BUYER_DOMINANT,7.0,700.0,0.1480969248933203,466.6666666666667,-333.3333333333333,1.3308217913204061,SELLER_DOMINANT,4.666666666666667,466.6666666666667,-0.33617306660056495,0.545,-1500.0,8900.0,8.0,5.0
Z,2024,0.03,16,433.3333333333333,100.0,1.139009139009139,OFFER_PRESSURE,4.333333333333333,433.3333333333333,-0.40535449395683426,633.3333333333334,-166.66666666666666,1.1629702018086772,BUYER_DOMINANT,6.333333333333333,633.3333333333334,0.00973407018078167,633.3333333333334,300.0,1.416897658758124,BID_PRESSURE,6.333333333333333,633.3333333333334,0.009734070180781651,433.3333333333333,-33.333333333333336,1.1883920260157883,SELLER_DOMINANT,4.333333333333333,433.3333333333333,-0.40535449395683426,600.0,0.0,0.8350877192982455,BUYER_DOMINANT,6.0,0.0,-0.05944735717548766,-0.582,-600.0,7700.0,4.0,5.0
Z,2025,0.0,16,466.6666666666667,-400.0,0.8522202113987464,SELLER_DOMINANT,4.666666666666667,466.6666666666667,-0.3361730666005651,733.3333333333334,0.0,0.7037624523425356,HIGH_PRICE_RANGE,7.333333333333333,733.3333333333334,0.21727835224958955,466.6666666666667,-400.0,0.8522202113987464,SELLER_DOMINANT,4.666666666666667,466.6666666666667,-0.3361730666005651,233.33333333333334,166.66666666666666,0.3889055843087787,SELLER_DOMINANT,2.3333333333333335,233.33333333333334,-0.8204430580944502,533.3333333333334,0.0,0.6793357515212781,SELLER_DOMINANT,5.333333333333333,0.0,-0.1978102118880263,-0.173,200.0,6400.0,1.0,7.0
